{
    "Detected Emotions and Frequencies": {
        "fear": 0.0,
        "anger": 0.05263157894736842,
        "anticip": 0.0,
        "trust": 0.42105263157894735,
        "surprise": 0.0,
        "positive": 0.3684210526315789,
        "negative": 0.05263157894736842,
        "sadness": 0.0,
        "disgust": 0.05263157894736842,
        "joy": 0.0,
        "anticipation": 0.05263157894736842
    }
}