{
    "Detected Emotions and Frequencies": {
        "fear": 0.02127659574468085,
        "anger": 0.0425531914893617,
        "anticip": 0.0,
        "trust": 0.10638297872340426,
        "surprise": 0.0851063829787234,
        "positive": 0.48936170212765956,
        "negative": 0.0425531914893617,
        "sadness": 0.06382978723404255,
        "disgust": 0.02127659574468085,
        "joy": 0.06382978723404255,
        "anticipation": 0.06382978723404255
    }
}