{
    "Detected Emotions and Frequencies": {
        "fear": 0.0425531914893617,
        "anger": 0.0,
        "anticip": 0.0,
        "trust": 0.2127659574468085,
        "surprise": 0.0425531914893617,
        "positive": 0.425531914893617,
        "negative": 0.06382978723404255,
        "sadness": 0.0,
        "disgust": 0.0,
        "joy": 0.0851063829787234,
        "anticipation": 0.1276595744680851
    }
}