{
    "Detected Emotions and Frequencies": {
        "fear": 0.09803921568627451,
        "anger": 0.0,
        "anticip": 0.0,
        "trust": 0.11764705882352941,
        "surprise": 0.0196078431372549,
        "positive": 0.29411764705882354,
        "negative": 0.21568627450980393,
        "sadness": 0.13725490196078433,
        "disgust": 0.0196078431372549,
        "joy": 0.0196078431372549,
        "anticipation": 0.0784313725490196
    }
}