{
    "Detected Emotions and Frequencies": {
        "fear": 0.11764705882352941,
        "anger": 0.0,
        "anticip": 0.0,
        "trust": 0.17647058823529413,
        "surprise": 0.058823529411764705,
        "positive": 0.4117647058823529,
        "negative": 0.0,
        "sadness": 0.0,
        "disgust": 0.0,
        "joy": 0.058823529411764705,
        "anticipation": 0.17647058823529413
    }
}