{
    "Detected Emotions and Frequencies": {
        "fear": 0.0392156862745098,
        "anger": 0.0392156862745098,
        "anticip": 0.0,
        "trust": 0.11764705882352941,
        "surprise": 0.058823529411764705,
        "positive": 0.37254901960784315,
        "negative": 0.058823529411764705,
        "sadness": 0.0196078431372549,
        "disgust": 0.0196078431372549,
        "joy": 0.0784313725490196,
        "anticipation": 0.19607843137254902
    }
}