{
    "Detected Emotions and Frequencies": {
        "fear": 0.08108108108108109,
        "anger": 0.08108108108108109,
        "anticip": 0.0,
        "trust": 0.0990990990990991,
        "surprise": 0.04504504504504504,
        "positive": 0.1891891891891892,
        "negative": 0.17117117117117117,
        "sadness": 0.11711711711711711,
        "disgust": 0.02702702702702703,
        "joy": 0.06306306306306306,
        "anticipation": 0.12612612612612611
    }
}